<?xml version="1.0" encoding="UTF-8" standalone="no"?>
<registration_data version="1.0">
   <environment>
      <hostname>cz2cbztc</hostname>
      <hostId/>
      <osName>Windows XP</osName>
      <osVersion>5.1</osVersion>
      <osArchitecture>x86</osArchitecture>
      <systemModel>LIFEBOOK E8310</systemModel>
      <systemManufacturer>FUJITSU SIEMENS</systemManufacturer>
      <cpuManufacturer>GenuineIntel</cpuManufacturer>
      <serialNumber>YK8J161471</serialNumber>
   </environment>
   <registry urn="urn:st:218443ec-0a42-48a4-a59d-d4e1f1034b7e" version="1.0">
      <service_tag>
         <instance_urn>urn:st:f68467ac-df17-4cbd-9058-7c8b33ce930d</instance_urn>
         <product_name>Java SE 6 Development Kit</product_name>
         <product_version>1.6.0_20</product_version>
         <product_urn>urn:uuid:b58ef9a8-5ae8-11db-a023-080020a9ed93</product_urn>
         <product_parent_urn>urn:uuid:fdc90b21-018d-4cab-b866-612c7c119ed3</product_parent_urn>
         <product_parent>Java Platform Standard Edition 6 (Java SE 6)</product_parent>
         <product_defined_inst_id>id=1.6.0_20-b02 x86,dir=C:\Java\Projects\jsignpdf\build\jsignpdf-1.0.1\jre</product_defined_inst_id>
         <product_vendor>Sun Microsystems</product_vendor>
         <platform_arch>x86</platform_arch>
         <timestamp>2010-07-08 15:06:08 GMT</timestamp>
         <container>global</container>
         <source>Windows JRE installer</source>
         <installer_uid>-1</installer_uid>
      </service_tag>
   </registry>
</registration_data>
